{
  "trainedAt": "2026-03-24T22:39:46.946Z",
  "wavesUsed": 219,
  "totalSamples": 58647,
  "positiveRate": 0.4172080413320374,
  "validation": {
    "accuracy": 0.862233589087809,
    "precision": 0.8180533117932148,
    "recall": 0.8499790180444817,
    "f1": 0.833710640049393,
    "tp": 4051,
    "fp": 901,
    "tn": 6063,
    "fn": 715,
    "totalSamples": 11730
  },
  "full": {
    "accuracy": 0.8699166197759476,
    "precision": 0.8384451501386824,
    "recall": 0.8524603563838483,
    "f1": 0.8453946701793494,
    "tp": 20858,
    "fp": 4019,
    "tn": 30160,
    "fn": 3610,
    "totalSamples": 58647
  },
  "bestValAcc": 0.8663256764411926,
  "bestEpoch": 66,
  "alpha": 0.45,
  "featureNames": [
    "dist_to_center",
    "bearing_sin",
    "bearing_cos",
    "city_lat",
    "city_lng",
    "center_lat",
    "center_lng",
    "countdown",
    "hour_sin",
    "hour_cos",
    "city_historical_red_rate",
    "warning_delay_minutes",
    "city_avg_orange_to_red_minutes",
    "multi_missile_detected",
    "cluster_separation_km",
    "gap_orange_percentage",
    "city_in_minority_cluster"
  ],
  "classWeights": {
    "0": 1,
    "1": 1.385376596681838
  },
  "hyperparams": {
    "epochs": 80,
    "batchSize": 64,
    "learningRate": 0.001
  }
}