{
  "trainedAt": "2026-03-26T08:44:23.056Z",
  "wavesUsed": 230,
  "totalSamples": 62604,
  "positiveRate": 0.4223691776883266,
  "validation": {
    "accuracy": 0.8622314511620478,
    "precision": 0.7864010989010989,
    "recall": 0.9049594941711124,
    "f1": 0.8415250344510794,
    "tp": 4580,
    "fp": 1244,
    "tn": 6216,
    "fn": 481,
    "totalSamples": 12521
  },
  "full": {
    "accuracy": 0.857565011820331,
    "precision": 0.7920541279205413,
    "recall": 0.8987217305801377,
    "f1": 0.842023208432988,
    "tp": 23764,
    "fp": 6239,
    "tn": 29923,
    "fn": 2678,
    "totalSamples": 62604
  },
  "bestValAcc": 0.8745307922363281,
  "bestEpoch": 65,
  "alpha": 0.45,
  "featureNames": [
    "dist_to_center",
    "bearing_sin",
    "bearing_cos",
    "city_lat",
    "city_lng",
    "center_lat",
    "center_lng",
    "countdown",
    "hour_sin",
    "hour_cos",
    "city_historical_red_rate",
    "warning_delay_minutes",
    "city_avg_orange_to_red_minutes",
    "multi_missile_detected",
    "cluster_separation_km",
    "gap_orange_percentage",
    "city_in_minority_cluster"
  ],
  "classWeights": {
    "0": 1,
    "1": 1.320678491380503
  },
  "hyperparams": {
    "epochs": 80,
    "batchSize": 64,
    "learningRate": 0.001
  }
}