{
  "trainedAt": "2026-03-09T16:32:12.585Z",
  "wavesUsed": 63,
  "totalSamples": 4193,
  "positiveRate": 0.46100643930360125,
  "validation": {
    "accuracy": 0.8462455303933254,
    "precision": 0.8248847926267281,
    "recall": 0.8710462287104623,
    "f1": 0.8473372781065088,
    "tp": 358,
    "fp": 76,
    "tn": 352,
    "fn": 53,
    "totalSamples": 839
  },
  "full": {
    "accuracy": 0.887431433341283,
    "precision": 0.855820750121773,
    "recall": 0.908949818934299,
    "f1": 0.8815855494229805,
    "tp": 1757,
    "fp": 296,
    "tn": 1964,
    "fn": 176,
    "totalSamples": 4193
  },
  "bestValAcc": 0.8581644892692566,
  "bestEpoch": 79,
  "alpha": 0.7,
  "featureNames": [
    "dist_to_center",
    "bearing_sin",
    "bearing_cos",
    "orange_zone_size",
    "city_lat",
    "city_lng",
    "center_lat",
    "center_lng",
    "countdown",
    "hour_sin",
    "hour_cos",
    "city_historical_red_rate"
  ],
  "classWeights": {
    "0": 1,
    "1": 1.2036793692509855
  },
  "hyperparams": {
    "epochs": 80,
    "batchSize": 64,
    "learningRate": 0.001
  }
}