{
  "means": [
    39.30316665029198,
    -0.015308889211546677,
    -0.03611176419521771,
    32.1737656117104,
    35.074729473628764,
    32.184797442236714,
    35.060724865756065,
    67.58043889713029,
    -0.05333815519875715,
    -0.06973255378947472,
    0.416832119087901,
    13.492654071536597,
    6.867260537608319,
    0.21075246815693896,
    23.66698291249079,
    1.3910899137247168,
    0.03978038092315037
  ],
  "stds": [
    28.88175962239655,
    0.6189987447663826,
    0.7844119659818214,
    0.5307803919740117,
    0.27682118615816936,
    0.41623455578373836,
    0.16270142983530514,
    28.915912034525036,
    0.6715182666557147,
    0.7357687338352206,
    0.17854363150840571,
    22.142187583550175,
    2.195604814239483,
    0.4078429419797069,
    49.25256447332167,
    3.816316992809202,
    0.19544283618705036
  ],
  "featureNames": [
    "dist_to_center",
    "bearing_sin",
    "bearing_cos",
    "city_lat",
    "city_lng",
    "center_lat",
    "center_lng",
    "countdown",
    "hour_sin",
    "hour_cos",
    "city_historical_red_rate",
    "warning_delay_minutes",
    "city_avg_orange_to_red_minutes",
    "multi_missile_detected",
    "cluster_separation_km",
    "gap_orange_percentage",
    "city_in_minority_cluster"
  ]
}