{
  "means": [
    39.636406358099954,
    -0.015218689708995967,
    -0.03763515722042894,
    32.17499526915186,
    35.07433642003559,
    32.185479667205286,
    35.059148398798506,
    68.04341575618172,
    -0.0038244265831332814,
    -0.07941308119270578,
    0.42550717131504584,
    15.627488925096133,
    6.776383173103915,
    0.2655740847230209,
    28.378143408565034,
    2.5907030061167857,
    0.04384703852788959
  ],
  "stds": [
    28.916557742585148,
    0.6139852216318399,
    0.7882728804432109,
    0.5282209839938671,
    0.2743918949886964,
    0.40709603061297633,
    0.15853790381280491,
    28.731998360593767,
    0.682183975851094,
    0.7268452100611652,
    0.17649609756426332,
    25.536942897644582,
    2.0741102370703017,
    0.4416384157279152,
    50.55630422695811,
    7.716909498659485,
    0.20475467208394874
  ],
  "featureNames": [
    "dist_to_center",
    "bearing_sin",
    "bearing_cos",
    "city_lat",
    "city_lng",
    "center_lat",
    "center_lng",
    "countdown",
    "hour_sin",
    "hour_cos",
    "city_historical_red_rate",
    "warning_delay_minutes",
    "city_avg_orange_to_red_minutes",
    "multi_missile_detected",
    "cluster_separation_km",
    "gap_orange_percentage",
    "city_in_minority_cluster"
  ]
}