{
  "means": [
    39.386201494949276,
    -0.015115088590871937,
    -0.038853906736536124,
    32.17662693186083,
    35.075231597528756,
    32.188462011809364,
    35.061214601074674,
    67.47884635228563,
    -0.051567682150882165,
    -0.07865603689096688,
    0.41755236817668745,
    13.233543436637703,
    6.877349576108831,
    0.21256836239810134,
    23.870903361690356,
    1.4030758808897166,
    0.04012313830702026
  ],
  "stds": [
    28.915284831293032,
    0.6180088678318815,
    0.7850649319065018,
    0.5316229803089224,
    0.2771104868480384,
    0.41613936893269077,
    0.16331493071734468,
    28.966993648452988,
    0.6741329467453457,
    0.7325972782712091,
    0.17828041059262106,
    22.058920437743804,
    2.2077277847350625,
    0.4091247410086149,
    49.41506603826241,
    3.8305283561981245,
    0.19624798617940586
  ],
  "featureNames": [
    "dist_to_center",
    "bearing_sin",
    "bearing_cos",
    "city_lat",
    "city_lng",
    "center_lat",
    "center_lng",
    "countdown",
    "hour_sin",
    "hour_cos",
    "city_historical_red_rate",
    "warning_delay_minutes",
    "city_avg_orange_to_red_minutes",
    "multi_missile_detected",
    "cluster_separation_km",
    "gap_orange_percentage",
    "city_in_minority_cluster"
  ]
}