{
  "means": [
    47.98677001851418,
    -0.06605282384984533,
    0.001885210242648556,
    508.9026949678035,
    32.18177374672078,
    35.052376961602654,
    32.161106282711856,
    35.03953307141001,
    68.96851896017172,
    -0.00805675407687227,
    -0.40572720608442575,
    0.46100643930359986
  ],
  "stds": [
    29.710911057453004,
    0.5707875788429438,
    0.8184344874713025,
    525.0677423955332,
    0.4965084337614413,
    0.27777733694459594,
    0.24448856824756604,
    0.11200028528746364,
    27.310974026757297,
    0.6294461439611032,
    0.6626598484963245,
    0.36020620570908274
  ],
  "featureNames": [
    "dist_to_center",
    "bearing_sin",
    "bearing_cos",
    "orange_zone_size",
    "city_lat",
    "city_lng",
    "center_lat",
    "center_lng",
    "countdown",
    "hour_sin",
    "hour_cos",
    "city_historical_red_rate"
  ]
}